{"row":[{"nohp":"+6282233106261","kecamatan":"DOKO","desa":"GENENGAN","tps":"2","kofifah_emil":"274","saiful_puti":"126","tidaksah":"5","total":"405","tidakhadir":"30","dptb":"20","suratrusak":"10"},{"nohp":"+6282233106261","kecamatan":"DOKO","desa":"SELOROK","tps":"1","kofifah_emil":"100","saiful_puti":"125","tidaksah":"5","total":"230","tidakhadir":"3","dptb":"2","suratrusak":"17"},{"nohp":"+6282233106261","kecamatan":"DOKO","desa":"SURU","tps":"107","kofifah_emil":"100","saiful_puti":"200","tidaksah":"50","total":"350","tidakhadir":"7","dptb":"4","suratrusak":"13"}]}